id,Title,Content,Date,Permalink,"Image URL","Image Filename","Image Path","Image Featured",education_0_name,education_1_name,education_2_name,education_3_name,education_4_name,education_5_name,doctor_article,Order,node_id,node_left,node_right,Education_name,"Doctor Categories"
3450,編者的話,"癌症資訊網總編，
癌症之後，决心建立最完整的資訊平台，
盼望絡繹不絶的後來者找到正確的訊息.",20180520,http://cancerinfo.uat.ideas-time.com/doctor/%e7%b7%a8%e8%80%85%e7%9a%84%e8%a9%b1/,http://cancerinfo.uat.ideas-time.com/wp-content/uploads/sites/25/2018/05/01_avatar_middle2.jpg,01_avatar_middle2.jpg,/var/www/html/wp-content/uploads/sites/25/2018/05/01_avatar_middle2.jpg,http://cancerinfo.uat.ideas-time.com/wp-content/uploads/sites/25/2018/05/01_avatar_middle2.jpg,癌症資訊網總編，,癌症之後，决心建立最完整的資訊平台，,盼望絡繹不絶的後來者找到正確的訊息.,,,,,24,4,60,61,"癌症資訊網總編，,癌症之後，决心建立最完整的資訊平台，,盼望絡繹不絶的後來者找到正確的訊息.",編輯及記者
3451,小筆子人物專訪,"Pen Pang, 筆名小筆子。
記者出身，現從事策劃工作。
協助癌症資訊網選寫人物訪問，
於香港青年協會網上雜誌心thing刊登。",20180520,http://cancerinfo.uat.ideas-time.com/doctor/%e5%b0%8f%e7%ad%86%e5%ad%90%e4%ba%ba%e7%89%a9%e5%b0%88%e8%a8%aa/,http://cancerinfo.uat.ideas-time.com/wp-content/uploads/sites/25/2018/05/1044323_10151677723622439_1902754241_n.jpg,1044323_10151677723622439_1902754241_n.jpg,/var/www/html/wp-content/uploads/sites/25/2018/05/1044323_10151677723622439_1902754241_n.jpg,http://cancerinfo.uat.ideas-time.com/wp-content/uploads/sites/25/2018/05/1044323_10151677723622439_1902754241_n.jpg,"Pen Pang, 筆名小筆子。",記者出身，現從事策劃工作。,協助癌症資訊網選寫人物訪問，,於香港青年協會網上雜誌心thing刊登。,,,,25,5,74,75,"Pen Pang, 筆名小筆子。,記者出身，現從事策劃工作。,協助癌症資訊網選寫人物訪問，,於香港青年協會網上雜誌心thing刊登。",編輯及記者
3452,朱國棟中醫師,"曾於多份報章，雜誌選寫專欄, 及發表多篇醫學文章。
現於香港健康協會內服務，負責講座、義診探訪，及擔任中醫保健師及愛心中醫培育工作。",20180520,http://cancerinfo.uat.ideas-time.com/doctor/%e6%9c%b1%e5%9c%8b%e6%a3%9f%e4%b8%ad%e9%86%ab%e5%b8%ab/,http://cancerinfo.uat.ideas-time.com/wp-content/uploads/sites/25/2018/05/下載.jpg,下載.jpg,/var/www/html/wp-content/uploads/sites/25/2018/05/下載.jpg,http://cancerinfo.uat.ideas-time.com/wp-content/uploads/sites/25/2018/05/下載.jpg,"曾於多份報章，雜誌選寫專欄, 及發表多篇醫學文章。",現於香港健康協會內服務，負責講座、義診探訪，及擔任中醫保健師及愛心中醫培育工作。,,,,,,26,6,62,63,"曾於多份報章，雜誌選寫專欄, 及發表多篇醫學文章。,現於香港健康協會內服務，負責講座、義診探訪，及擔任中醫保健師及愛心中醫培育工作。",中醫
3453,沙加醫生,"筆名 : 沙加
簡歷 : 香港公立醫院資深的腫瘤科醫生。2007年起以筆名沙加在網上發表多篇文章講述行醫經歷。",20180520,http://cancerinfo.uat.ideas-time.com/doctor/%e6%b2%99%e5%8a%a0%e9%86%ab%e7%94%9f/,http://cancerinfo.uat.ideas-time.com/wp-content/uploads/sites/25/2018/05/images.jpg,images.jpg,/var/www/html/wp-content/uploads/sites/25/2018/05/images.jpg,http://cancerinfo.uat.ideas-time.com/wp-content/uploads/sites/25/2018/05/images.jpg,"筆名 : 沙加",香港公立醫院資深的腫瘤科醫生。2007年起以筆名沙加在網上發表多篇文章講述行醫經歷。,,,,,,27,7,66,67,"筆名 : 沙加,香港公立醫院資深的腫瘤科醫生。2007年起以筆名沙加在網上發表多篇文章講述行醫經歷。",博客
3454,師兄隨筆,"師兄(筆名), 從事醫療衛生工作多年，2010年陪伴太太走過抗癌的歷程。
雙重身份的他，對於醫療訊息的正確與否加倍注意。",20180520,http://cancerinfo.uat.ideas-time.com/doctor/%e5%b8%ab%e5%85%84%e9%9a%a8%e7%ad%86/,http://cancerinfo.uat.ideas-time.com/wp-content/uploads/sites/25/2018/05/師兄icon.jpg,師兄icon.jpg,/var/www/html/wp-content/uploads/sites/25/2018/05/師兄icon.jpg,http://cancerinfo.uat.ideas-time.com/wp-content/uploads/sites/25/2018/05/師兄icon.jpg,"師兄(筆名), 從事醫療衛生工作多年，2010年陪伴太太走過抗癌的歷程。",雙重身份的他，對於醫療訊息的正確與否加倍注意。,,,,,,28,9,64,65,"師兄(筆名), 從事醫療衛生工作多年，2010年陪伴太太走過抗癌的歷程。,雙重身份的他，對於醫療訊息的正確與否加倍注意。",博客
3455,智癌幫H.CanPer-癌症照顧網,"廖志穎醫師，放射腫瘤科主任
台北醫學大學醫學系學士
中國醫藥大學中西醫結合研究所碩士",20180520,http://cancerinfo.uat.ideas-time.com/doctor/%e6%99%ba%e7%99%8c%e5%b9%abh-canper-%e7%99%8c%e7%97%87%e7%85%a7%e9%a1%a7%e7%b6%b2/,http://cancerinfo.uat.ideas-time.com/wp-content/uploads/sites/25/2018/05/榖雨.jpg,榖雨.jpg,/var/www/html/wp-content/uploads/sites/25/2018/05/榖雨.jpg,http://cancerinfo.uat.ideas-time.com/wp-content/uploads/sites/25/2018/05/榖雨.jpg,廖志穎醫師，放射腫瘤科主任,台北醫學大學醫學系學士,中國醫藥大學中西醫結合研究所碩士,,,,,29,10,70,71,"廖志穎醫師，放射腫瘤科主任,台北醫學大學醫學系學士,中國醫藥大學中西醫結合研究所碩士",專科診所
3456,馬國權醫生,"香港大學內外全科醫學士 MBBS (HKU)
英國愛丁堡皇家外科醫學院院員 MRCS (Edin)
英國愛丁堡皇家外科醫學院院士 FRCS (Edin)
香港外科醫學院院士 FCSHK
香港醫學專科學院院士 (外科) FHKAM (Surgery)",20180520,http://cancerinfo.uat.ideas-time.com/doctor/%e9%a6%ac%e5%9c%8b%e6%ac%8a%e9%86%ab%e7%94%9f/,http://cancerinfo.uat.ideas-time.com/wp-content/uploads/sites/25/2018/05/DrKKMa-1.jpg,DrKKMa-1.jpg,/var/www/html/wp-content/uploads/sites/25/2018/05/DrKKMa-1.jpg,http://cancerinfo.uat.ideas-time.com/wp-content/uploads/sites/25/2018/05/DrKKMa-1.jpg,"香港大學內外全科醫學士 MBBS (HKU)","英國愛丁堡皇家外科醫學院院員 MRCS (Edin)","英國愛丁堡皇家外科醫學院院士 FRCS (Edin)","香港外科醫學院院士 FCSHK","香港醫學專科學院院士 (外科) FHKAM (Surgery)",,,30,11,76,77,"香港大學內外全科醫學士 MBBS (HKU),英國愛丁堡皇家外科醫學院院員 MRCS (Edin),英國愛丁堡皇家外科醫學院院士 FRCS (Edin),香港外科醫學院院士 FCSHK,香港醫學專科學院院士 (外科) FHKAM (Surgery)",外科
3457,建設中,,20180520,http://cancerinfo.uat.ideas-time.com/doctor/%e5%bb%ba%e8%a8%ad%e4%b8%ad/,,,,,,,,,,,,31,12,72,73,,博客
3458,廖少輝醫生,"臨床腫瘤科專科醫生
香港大學內外全科醫學士
英國皇家放射科醫學院院士
香港放射科醫學院院士
香港醫學專科學院士(放射科)",20180520,http://cancerinfo.uat.ideas-time.com/doctor/%e5%bb%96%e5%b0%91%e8%bc%9d%e9%86%ab%e7%94%9f/,http://cancerinfo.uat.ideas-time.com/wp-content/uploads/sites/25/2018/05/x-liu.jpg,x-liu.jpg,/var/www/html/wp-content/uploads/sites/25/2018/05/x-liu.jpg,http://cancerinfo.uat.ideas-time.com/wp-content/uploads/sites/25/2018/05/x-liu.jpg,臨床腫瘤科專科醫生,香港大學內外全科醫學士,英國皇家放射科醫學院院士,香港放射科醫學院院士,香港醫學專科學院士(放射科),,,32,13,44,44,"臨床腫瘤科專科醫生,香港大學內外全科醫學士,英國皇家放射科醫學院院士,香港放射科醫學院院士,香港醫學專科學院士(放射科)",臨床腫瘤專科
3459,梁廣泉醫生,"香港大學內外全科醫學士
英國皇家放射科醫學院院士
香港放射醫學院院士
香港醫學專科學院院士(放射科)
卡的夫大學紓緩醫學深造文憑",20180520,http://cancerinfo.uat.ideas-time.com/doctor/%e6%a2%81%e5%bb%a3%e6%b3%89%e9%86%ab%e7%94%9f/,http://cancerinfo.uat.ideas-time.com/wp-content/uploads/sites/25/2018/05/Portrait_edited-111.jpg,Portrait_edited-111.jpg,/var/www/html/wp-content/uploads/sites/25/2018/05/Portrait_edited-111.jpg,http://cancerinfo.uat.ideas-time.com/wp-content/uploads/sites/25/2018/05/Portrait_edited-111.jpg,香港大學內外全科醫學士,英國皇家放射科醫學院院士,香港放射醫學院院士,香港醫學專科學院院士(放射科),卡的夫大學紓緩醫學深造文憑,,,33,14,8,9,"香港大學內外全科醫學士,英國皇家放射科醫學院院士,香港放射醫學院院士,香港醫學專科學院院士(放射科),卡的夫大學紓緩醫學深造文憑",臨床腫瘤專科
3460,陳亮祖醫生,"臨床腫瘤科專科醫生
香港中文大學內外全科醫學士
英國皇家放射科學醫學院院士
香港放射科醫學院院士
香港醫學專科學院院士(放射科)",20180520,http://cancerinfo.uat.ideas-time.com/doctor/%e9%99%b3%e4%ba%ae%e7%a5%96%e9%86%ab%e7%94%9f/,http://cancerinfo.uat.ideas-time.com/wp-content/uploads/sites/25/2018/05/Dr._Chan_Leung_Cho_-1.jpg,Dr._Chan_Leung_Cho_-1.jpg,/var/www/html/wp-content/uploads/sites/25/2018/05/Dr._Chan_Leung_Cho_-1.jpg,http://cancerinfo.uat.ideas-time.com/wp-content/uploads/sites/25/2018/05/Dr._Chan_Leung_Cho_-1.jpg,臨床腫瘤科專科醫生,香港中文大學內外全科醫學士,英國皇家放射科學醫學院院士,香港放射科醫學院院士,香港醫學專科學院院士(放射科),,,34,15,8,9,"臨床腫瘤科專科醫生,香港中文大學內外全科醫學士,英國皇家放射科學醫學院院士,香港放射科醫學院院士,香港醫學專科學院院士(放射科)",臨床腫瘤專科
3461,潘智文醫生,"亞得雷德大學內外全科醫學士
英國皇家放射科學醫學院院士
香港放射科醫學院院士
香港醫學專科學院院士 (放射科)
卡的夫大學紓緩醫學碩士",20180520,http://cancerinfo.uat.ideas-time.com/doctor/%e6%bd%98%e6%99%ba%e6%96%87%e9%86%ab%e7%94%9f/,http://cancerinfo.uat.ideas-time.com/wp-content/uploads/sites/25/2018/05/R41A2889-111.jpg,R41A2889-111.jpg,/var/www/html/wp-content/uploads/sites/25/2018/05/R41A2889-111.jpg,http://cancerinfo.uat.ideas-time.com/wp-content/uploads/sites/25/2018/05/R41A2889-111.jpg,亞得雷德大學內外全科醫學士,英國皇家放射科學醫學院院士,香港放射科醫學院院士,"香港醫學專科學院院士 (放射科)",卡的夫大學紓緩醫學碩士,,,35,16,6,7,"亞得雷德大學內外全科醫學士,英國皇家放射科學醫學院院士,香港放射科醫學院院士,香港醫學專科學院院士 (放射科),卡的夫大學紓緩醫學碩士",臨床腫瘤專科
3462,香港综合腫瘤中心,"HKIOC promise a complete and best possible cancer-care, screening, imaging and diagnostic services.",20180520,http://cancerinfo.uat.ideas-time.com/doctor/%e9%a6%99%e6%b8%af%e7%bb%bc%e5%90%88%e8%85%ab%e7%98%a4%e4%b8%ad%e5%bf%83/,http://cancerinfo.uat.ideas-time.com/wp-content/uploads/sites/25/2018/05/art-7.jpg,art-7.jpg,/var/www/html/wp-content/uploads/sites/25/2018/05/art-7.jpg,http://cancerinfo.uat.ideas-time.com/wp-content/uploads/sites/25/2018/05/art-7.jpg,"HKIOC promise a complete and best possible cancer-care, screening, imaging and diagnostic services.",,,,,,,36,18,56,57,"HKIOC promise a complete and best possible cancer-care, screening, imaging and diagnostic services.",專科診所
3463,香港防癌會,由何鴻超教授及一群關心癌症病人的社會人仕於一九六三年創辦，並於翌年十月六日正式成立。目標是教育大眾癌症資訊和為病者及其家人提供支援服務。,20180520,http://cancerinfo.uat.ideas-time.com/doctor/%e9%a6%99%e6%b8%af%e9%98%b2%e7%99%8c%e6%9c%83/,http://cancerinfo.uat.ideas-time.com/wp-content/uploads/sites/25/2018/04/HKACS.jpg,HKACS.jpg,/var/www/html/wp-content/uploads/sites/25/2018/04/HKACS.jpg,http://cancerinfo.uat.ideas-time.com/wp-content/uploads/sites/25/2018/04/HKACS.jpg,由何鴻超教授及一群關心癌症病人的社會人仕於一九六三年創辦，並於翌年十月六日正式成立。目標是教育大眾癌症資訊和為病者及其家人提供支援服務。,,,,,,,37,20,4,6,由何鴻超教授及一群關心癌症病人的社會人仕於一九六三年創辦，並於翌年十月六日正式成立。目標是教育大眾癌症資訊和為病者及其家人提供支援服務。,癌症服務機構
3464,馬承恩醫生,"香港大學內外全科醫學士
香港內科醫學院院士
香港醫學專科學院院士（內科）
英國皇家內科醫學院院士
香港大學感染傳染病學深造文憑",20180520,http://cancerinfo.uat.ideas-time.com/doctor/%e9%a6%ac%e6%89%bf%e6%81%a9%e9%86%ab%e7%94%9f/,http://cancerinfo.uat.ideas-time.com/wp-content/uploads/sites/25/2018/05/1234.jpg,1234.jpg,/var/www/html/wp-content/uploads/sites/25/2018/05/1234.jpg,http://cancerinfo.uat.ideas-time.com/wp-content/uploads/sites/25/2018/05/1234.jpg,香港大學內外全科醫學士,香港內科醫學院院士,香港醫學專科學院院士（內科）,英國皇家內科醫學院院士,香港大學感染傳染病學深造文憑,,,38,21,44,44,"香港大學內外全科醫學士,香港內科醫學院院士,香港醫學專科學院院士（內科）,英國皇家內科醫學院院士,香港大學感染傳染病學深造文憑",血液及血液腫瘤科
3465,施俊健醫生,"香港大學李嘉誠醫學院臨床腫瘤學系名譽臨床助理教授
香港大學內外全科學士
英國皇家放射科醫學院院士
香港放射科醫學院院士
香港醫學專科學院院士
香港中文大學流行病學與生物統計學學士後文憑",20180520,http://cancerinfo.uat.ideas-time.com/doctor/%e6%96%bd%e4%bf%8a%e5%81%a5%e9%86%ab%e7%94%9f/,http://cancerinfo.uat.ideas-time.com/wp-content/uploads/sites/25/2018/05/Dr_Henry_Sze_photo_1_3-3.jpg,Dr_Henry_Sze_photo_1_3-3.jpg,/var/www/html/wp-content/uploads/sites/25/2018/05/Dr_Henry_Sze_photo_1_3-3.jpg,http://cancerinfo.uat.ideas-time.com/wp-content/uploads/sites/25/2018/05/Dr_Henry_Sze_photo_1_3-3.jpg,香港大學李嘉誠醫學院臨床腫瘤學系名譽臨床助理教授,香港大學內外全科學士,英國皇家放射科醫學院院士,香港放射科醫學院院士,香港醫學專科學院院士,香港中文大學流行病學與生物統計學學士後文憑,,39,24,11,13,"香港大學李嘉誠醫學院臨床腫瘤學系名譽臨床助理教授,香港大學內外全科學士,英國皇家放射科醫學院院士,香港放射科醫學院院士,香港醫學專科學院院士,香港中文大學流行病學與生物統計學學士後文憑",臨床腫瘤專科
3466,"小肥鴨 ( 淋巴癌 )","Little_fat-duck 小肥鴨的生命一直都是幸福的，就像溫室裡的小花，在呵護下成長，未曾經歷狂風巨浪。直至……",20180520,http://cancerinfo.uat.ideas-time.com/doctor/%e5%b0%8f%e8%82%a5%e9%b4%a8-%e6%b7%8b%e5%b7%b4%e7%99%8c/,http://cancerinfo.uat.ideas-time.com/wp-content/uploads/sites/25/2018/05/little_fat_duck2.jpg,little_fat_duck2.jpg,/var/www/html/wp-content/uploads/sites/25/2018/05/little_fat_duck2.jpg,http://cancerinfo.uat.ideas-time.com/wp-content/uploads/sites/25/2018/05/little_fat_duck2.jpg,"Little_fat-duck 小肥鴨的生命一直都是幸福的，就像溫室裡的小花，在呵護下成長，未曾經歷狂風巨浪。直至……",,,,,,,40,25,6,7,"Little_fat-duck 小肥鴨的生命一直都是幸福的，就像溫室裡的小花，在呵護下成長，未曾經歷狂風巨浪。直至……",博客
3467,潘冬松醫生,"澳洲新南威爾斯大學內外全科醫學士
香港大學外科碩士
英國愛丁堡皇家外科醫學院院士
香港外科醫學院院士
香港醫學專科學院院士(外科)",20180520,http://cancerinfo.uat.ideas-time.com/doctor/%e6%bd%98%e5%86%ac%e6%9d%be%e9%86%ab%e7%94%9f/,http://cancerinfo.uat.ideas-time.com/wp-content/uploads/sites/25/2018/05/jessen_poon.jpg,jessen_poon.jpg,/var/www/html/wp-content/uploads/sites/25/2018/05/jessen_poon.jpg,http://cancerinfo.uat.ideas-time.com/wp-content/uploads/sites/25/2018/05/jessen_poon.jpg,澳洲新南威爾斯大學內外全科醫學士,香港大學外科碩士,英國愛丁堡皇家外科醫學院院士,香港外科醫學院院士,香港醫學專科學院院士(外科),,,41,26,4,5,"澳洲新南威爾斯大學內外全科醫學士,香港大學外科碩士,英國愛丁堡皇家外科醫學院院士,香港外科醫學院院士,香港醫學專科學院院士(外科)",外科
3468,"Constance 凱尹","二十出頭，正是青春無限好的黄金歲月。她卻患上極其罕有的 Synovial Sarcoma.
為何是我？她是如何走出黑暗幽谷，繼續美好前程？",20180520,http://cancerinfo.uat.ideas-time.com/doctor/constance-%e5%87%b1%e5%b0%b9/,http://cancerinfo.uat.ideas-time.com/wp-content/uploads/sites/25/2018/05/rsz_1constance.jpg,rsz_1constance.jpg,/var/www/html/wp-content/uploads/sites/25/2018/05/rsz_1constance.jpg,http://cancerinfo.uat.ideas-time.com/wp-content/uploads/sites/25/2018/05/rsz_1constance.jpg,"二十出頭，正是青春無限好的黄金歲月。她卻患上極其罕有的 Synovial Sarcoma.",為何是我？她是如何走出黑暗幽谷，繼續美好前程？,,,,,,42,27,44,44,"二十出頭，正是青春無限好的黄金歲月。她卻患上極其罕有的 Synovial Sarcoma.,為何是我？她是如何走出黑暗幽谷，繼續美好前程？",博客
3469,開心雅志,"他要一步一步,由癌症跑至馬拉松。即使面對復發的考驗，他依然堅持這理念，將再次挑戰渣打馬拉松2014全馬賽程，為香港防癌會籌款。",20180520,http://cancerinfo.uat.ideas-time.com/doctor/%e9%96%8b%e5%bf%83%e9%9b%85%e5%bf%97/,http://cancerinfo.uat.ideas-time.com/wp-content/uploads/sites/25/2018/05/從癌症跑出馬拉松封面.jpg,從癌症跑出馬拉松封面.jpg,/var/www/html/wp-content/uploads/sites/25/2018/05/從癌症跑出馬拉松封面.jpg,http://cancerinfo.uat.ideas-time.com/wp-content/uploads/sites/25/2018/05/從癌症跑出馬拉松封面.jpg,"他要一步一步,由癌症跑至馬拉松。即使面對復發的考驗，他依然堅持這理念，將再次挑戰渣打馬拉松2014全馬賽程，為香港防癌會籌款。",,,,,,,43,33,64,65,"他要一步一步,由癌症跑至馬拉松。即使面對復發的考驗，他依然堅持這理念，將再次挑戰渣打馬拉松2014全馬賽程，為香港防癌會籌款。",博客
3470,短髮女生抗癌日記,"分享一位患上血癌的80後
香港女生的抗癌經歷.",20180520,http://cancerinfo.uat.ideas-time.com/doctor/%e7%9f%ad%e9%ab%ae%e5%a5%b3%e7%94%9f%e6%8a%97%e7%99%8c%e6%97%a5%e8%a8%98/,http://cancerinfo.uat.ideas-time.com/wp-content/uploads/sites/25/2018/05/12647749_10208346199669807_1582174804_n.jpg,12647749_10208346199669807_1582174804_n.jpg,/var/www/html/wp-content/uploads/sites/25/2018/05/12647749_10208346199669807_1582174804_n.jpg,http://cancerinfo.uat.ideas-time.com/wp-content/uploads/sites/25/2018/05/12647749_10208346199669807_1582174804_n.jpg,分享一位患上血癌的80後,香港女生的抗癌經歷.,,,,,,44,35,80,81,"分享一位患上血癌的80後,香港女生的抗癌經歷.",博客
3471,"Helen YC Law","一切有為法，如夢幻泡影，如露亦如電，應作如是觀......

一位先後患上腸癌及甲狀腺癌的凡人。",20180520,http://cancerinfo.uat.ideas-time.com/doctor/helen-yc-law/,http://cancerinfo.uat.ideas-time.com/wp-content/uploads/sites/25/2018/05/helen.jpg,helen.jpg,/var/www/html/wp-content/uploads/sites/25/2018/05/helen.jpg,http://cancerinfo.uat.ideas-time.com/wp-content/uploads/sites/25/2018/05/helen.jpg,一切有為法，如夢幻泡影，如露亦如電，應作如是觀......,一位先後患上腸癌及甲狀腺癌的凡人。,,,,,,45,36,51,52,"一切有為法，如夢幻泡影，如露亦如電，應作如是觀......,一位先後患上腸癌及甲狀腺癌的凡人。",博客
3472,陳智仁醫生,"香港大學肝膽胰外科及肝移植組臨床副教授
英國倫敦大學內外全科學士
香港外科醫學院院士
愛丁堡皇家外科醫學院院士
香港醫學專科學院院士(外科)",20180520,http://cancerinfo.uat.ideas-time.com/doctor/%e9%99%b3%e6%99%ba%e4%bb%81%e9%86%ab%e7%94%9f/,http://cancerinfo.uat.ideas-time.com/wp-content/uploads/sites/25/2018/05/IMG_1329-1-AAA1.jpg,IMG_1329-1-AAA1.jpg,/var/www/html/wp-content/uploads/sites/25/2018/05/IMG_1329-1-AAA1.jpg,http://cancerinfo.uat.ideas-time.com/wp-content/uploads/sites/25/2018/05/IMG_1329-1-AAA1.jpg,香港大學肝膽胰外科及肝移植組臨床副教授,英國倫敦大學內外全科學士,香港外科醫學院院士,愛丁堡皇家外科醫學院院士,香港醫學專科學院院士(外科),,,46,37,5,6,"香港大學肝膽胰外科及肝移植組臨床副教授,英國倫敦大學內外全科學士,香港外科醫學院院士,愛丁堡皇家外科醫學院院士,香港醫學專科學院院士(外科)",外科
3473,"陳慧嬌 Alice Tan","現任腫瘤科臨床實驗協調員。

30歲切割了此生。

31歲遭逢病痛、兩次流產和手術意外，逼得餘生必須和疼痛共存。

早年的信仰徹底被顛覆，學習轉念看人生，感念生與死。

原來，有苦有樂才有生命應俱的溫度。",20180520,http://cancerinfo.uat.ideas-time.com/doctor/%e9%99%b3%e6%85%a7%e5%ac%8c-alice-tan/,http://cancerinfo.uat.ideas-time.com/wp-content/uploads/sites/25/2018/05/alice_tan-11.jpg,alice_tan-11.jpg,/var/www/html/wp-content/uploads/sites/25/2018/05/alice_tan-11.jpg,http://cancerinfo.uat.ideas-time.com/wp-content/uploads/sites/25/2018/05/alice_tan-11.jpg,"現任腫瘤科臨床實驗協調員。  30歲切割了此生。  31歲遭逢病痛、兩次流產和手術意外，逼得餘生必須和疼痛共存。  早年的信仰徹底被顛覆，學習轉念看人生，感念生與死。  原來，有苦有樂才有生命應俱的溫度。",,,,,,,1,38,82,83,"現任腫瘤科臨床實驗協調員。  30歲切割了此生。  31歲遭逢病痛、兩次流產和手術意外，逼得餘生必須和疼痛共存。  早年的信仰徹底被顛覆，學習轉念看人生，感念生與死。  原來，有苦有樂才有生命應俱的溫度。",博客
3474,三條毛仔抗癌感恩錄,"2015年11月3日突然確診患上急性白血病，從此展開了感恩抗癌之路。

感謝主，恩典夠我用！

就在這裡與大家分享天父的愛和保守，及抗癌趣事！

希望我的經歷可以祝福及鼓勵在幽谷中的您！",20180520,http://cancerinfo.uat.ideas-time.com/doctor/%e4%b8%89%e6%a2%9d%e6%af%9b%e4%bb%94%e6%8a%97%e7%99%8c%e6%84%9f%e6%81%a9%e9%8c%84/,http://cancerinfo.uat.ideas-time.com/wp-content/uploads/sites/25/2018/05/three_hair.jpg,three_hair.jpg,/var/www/html/wp-content/uploads/sites/25/2018/05/three_hair.jpg,http://cancerinfo.uat.ideas-time.com/wp-content/uploads/sites/25/2018/05/three_hair.jpg,"2015年11月3日突然確診患上急性白血病，從此展開了感恩抗癌之路。  感謝主，恩典夠我用！  就在這裡與大家分享天父的愛和保守，及抗癌趣事！  希望我的經歷可以祝福及鼓勵在幽谷中的您！",,,,,,,2,39,84,85,"2015年11月3日突然確診患上急性白血病，從此展開了感恩抗癌之路。  感謝主，恩典夠我用！  就在這裡與大家分享天父的愛和保守，及抗癌趣事！  希望我的經歷可以祝福及鼓勵在幽谷中的您！",博客
3475,彤姐話你知~~,"Cancer 咋嘛使乜驚呀！

純粹分享d 懶好笑既抗癌經歷

分享快樂 分享祝福

2013年8月發現患上淋巴癌。

反反覆覆的病情配上一個又一個騎尼又新鮮既經歷，成就左今日既彤姐。",20180520,http://cancerinfo.uat.ideas-time.com/doctor/%e5%bd%a4%e5%a7%90%e8%a9%b1%e4%bd%a0%e7%9f%a5/,http://cancerinfo.uat.ideas-time.com/wp-content/uploads/sites/25/2018/05/stella.jpg,stella.jpg,/var/www/html/wp-content/uploads/sites/25/2018/05/stella.jpg,http://cancerinfo.uat.ideas-time.com/wp-content/uploads/sites/25/2018/05/stella.jpg,"Cancer 咋嘛使乜驚呀！  純粹分享d 懶好笑既抗癌經歷  分享快樂 分享祝福  2013年8月發現患上淋巴癌。  反反覆覆的病情配上一個又一個騎尼又新鮮既經歷，成就左今日既彤姐。",,,,,,,3,40,86,87,"Cancer 咋嘛使乜驚呀！  純粹分享d 懶好笑既抗癌經歷  分享快樂 分享祝福  2013年8月發現患上淋巴癌。  反反覆覆的病情配上一個又一個騎尼又新鮮既經歷，成就左今日既彤姐。",博客
3476,香港前列腺基金,香港前列腺基金由一群專科醫生成立，是本港註冊的慈善團體，旨在推廣公眾對前列腺健康的關注，為患者和家屬提供支援。,20180520,http://cancerinfo.uat.ideas-time.com/doctor/%e9%a6%99%e6%b8%af%e5%89%8d%e5%88%97%e8%85%ba%e5%9f%ba%e9%87%91/,http://cancerinfo.uat.ideas-time.com/wp-content/uploads/sites/25/2018/05/HK_Prostate_foundation.jpg,HK_Prostate_foundation.jpg,/var/www/html/wp-content/uploads/sites/25/2018/05/HK_Prostate_foundation.jpg,http://cancerinfo.uat.ideas-time.com/wp-content/uploads/sites/25/2018/05/HK_Prostate_foundation.jpg,香港前列腺基金由一群專科醫生成立，是本港註冊的慈善團體，旨在推廣公眾對前列腺健康的關注，為患者和家屬提供支援。,,,,,,,4,41,55,56,香港前列腺基金由一群專科醫生成立，是本港註冊的慈善團體，旨在推廣公眾對前列腺健康的關注，為患者和家屬提供支援。,癌症服務機構
3477,香港癌症基金會,香港癌症基金會是全港最有規模的癌症機構，免費為癌症患者及其親屬提供完備資訊及專業支援，改善癌症患者及其家人的生活，讓他們活得更好。,20180520,http://cancerinfo.uat.ideas-time.com/doctor/%e9%a6%99%e6%b8%af%e7%99%8c%e7%97%87%e5%9f%ba%e9%87%91%e6%9c%83/,http://cancerinfo.uat.ideas-time.com/wp-content/uploads/sites/25/2018/05/hkcf2.jpg,hkcf2.jpg,/var/www/html/wp-content/uploads/sites/25/2018/05/hkcf2.jpg,http://cancerinfo.uat.ideas-time.com/wp-content/uploads/sites/25/2018/05/hkcf2.jpg,香港癌症基金會是全港最有規模的癌症機構，免費為癌症患者及其親屬提供完備資訊及專業支援，改善癌症患者及其家人的生活，讓他們活得更好。,,,,,,,5,42,5,6,香港癌症基金會是全港最有規模的癌症機構，免費為癌症患者及其親屬提供完備資訊及專業支援，改善癌症患者及其家人的生活，讓他們活得更好。,癌症服務機構
3478,肺癌知多D,,20180520,http://cancerinfo.uat.ideas-time.com/doctor/%e8%82%ba%e7%99%8c%e7%9f%a5%e5%a4%9ad/,http://cancerinfo.uat.ideas-time.com/wp-content/uploads/sites/25/2018/05/1234-1.jpg,1234-1.jpg,/var/www/html/wp-content/uploads/sites/25/2018/05/1234-1.jpg,http://cancerinfo.uat.ideas-time.com/wp-content/uploads/sites/25/2018/05/1234-1.jpg,,,,,,,,6,48,42,45,,血液及血液腫瘤科
3479,張寬耀醫生,"香港中文大學內外全科醫學士
英國皇家放射科學醫學院院士
香港放射科醫學院院士
香港醫學專科學院院士(放射科)",20180520,http://cancerinfo.uat.ideas-time.com/doctor/%e5%bc%b5%e5%af%ac%e8%80%80%e9%86%ab%e7%94%9f/,http://cancerinfo.uat.ideas-time.com/wp-content/uploads/sites/25/2018/05/DSC_0051.jpg,DSC_0051.jpg,/var/www/html/wp-content/uploads/sites/25/2018/05/DSC_0051.jpg,http://cancerinfo.uat.ideas-time.com/wp-content/uploads/sites/25/2018/05/DSC_0051.jpg,香港中文大學內外全科醫學士,英國皇家放射科學醫學院院士,香港放射科醫學院院士,香港醫學專科學院院士(放射科),,,,7,49,15,16,"香港中文大學內外全科醫學士,英國皇家放射科學醫學院院士,香港放射科醫學院院士,香港醫學專科學院院士(放射科)",臨床腫瘤專科
3480,謝耀昌醫生,"香港大學內外全科醫學士
英國皇家放射科學醫學院院士
香港放射科醫學院院士
香港醫學專科學院院士(放射科)",20180520,http://cancerinfo.uat.ideas-time.com/doctor/%e8%ac%9d%e8%80%80%e6%98%8c%e9%86%ab%e7%94%9f/,http://cancerinfo.uat.ideas-time.com/wp-content/uploads/sites/25/2018/05/andrin.jpg,andrin.jpg,/var/www/html/wp-content/uploads/sites/25/2018/05/andrin.jpg,http://cancerinfo.uat.ideas-time.com/wp-content/uploads/sites/25/2018/05/andrin.jpg,香港大學內外全科醫學士,英國皇家放射科學醫學院院士,香港放射科醫學院院士,香港醫學專科學院院士(放射科),,,,8,50,19,20,"香港大學內外全科醫學士,英國皇家放射科學醫學院院士,香港放射科醫學院院士,香港醫學專科學院院士(放射科)",臨床腫瘤專科
3481,蘇炳輝醫生,"香港中文大學內外全科醫學士
英國皇家放射科學醫學院院士
香港放射科醫學院院士
香港醫學專科學院院士(放射科)
香港中文大學工商管理碩士課程(醫療)",20180520,http://cancerinfo.uat.ideas-time.com/doctor/%e8%98%87%e7%82%b3%e8%bc%9d%e9%86%ab%e7%94%9f/,http://cancerinfo.uat.ideas-time.com/wp-content/uploads/sites/25/2018/05/DSC_0405-11.jpg,DSC_0405-11.jpg,/var/www/html/wp-content/uploads/sites/25/2018/05/DSC_0405-11.jpg,http://cancerinfo.uat.ideas-time.com/wp-content/uploads/sites/25/2018/05/DSC_0405-11.jpg,香港中文大學內外全科醫學士,英國皇家放射科學醫學院院士,香港放射科醫學院院士,香港醫學專科學院院士(放射科),香港中文大學工商管理碩士課程(醫療),,,9,51,17,18,"香港中文大學內外全科醫學士,英國皇家放射科學醫學院院士,香港放射科醫學院院士,香港醫學專科學院院士(放射科),香港中文大學工商管理碩士課程(醫療)",臨床腫瘤專科
3482,"癌 。不孤單基金會",「癌．不孤單基金會」成立於2015年，由一群腫瘤科醫生自願組織而成，為本港少數關注罕見癌症如胰臟癌、神經內分泌瘤、膽管癌等的慈善機構。,20180520,http://cancerinfo.uat.ideas-time.com/doctor/%e7%99%8c-%e3%80%82%e4%b8%8d%e5%ad%a4%e5%96%ae%e5%9f%ba%e9%87%91%e6%9c%83/,http://cancerinfo.uat.ideas-time.com/wp-content/uploads/sites/25/2018/05/cancer-logo.jpg,cancer-logo.jpg,/var/www/html/wp-content/uploads/sites/25/2018/05/cancer-logo.jpg,http://cancerinfo.uat.ideas-time.com/wp-content/uploads/sites/25/2018/05/cancer-logo.jpg,「癌．不孤單基金會」成立於2015年，由一群腫瘤科醫生自願組織而成，為本港少數關注罕見癌症如胰臟癌、神經內分泌瘤、膽管癌等的慈善機構。,,,,,,,10,52,11,12,「癌．不孤單基金會」成立於2015年，由一群腫瘤科醫生自願組織而成，為本港少數關注罕見癌症如胰臟癌、神經內分泌瘤、膽管癌等的慈善機構。,癌症服務機構
3483,陳林醫生,"香港大學內外全科醫學士
英國皇家內科醫學院院士
香港内科醫學院院士
香港醫學專科學院院士(内科)
愛丁堡皇家内科醫學院榮授院士
倫敦皇家内科醫學院榮授院士",20180520,http://cancerinfo.uat.ideas-time.com/doctor/%e9%99%b3%e6%9e%97%e9%86%ab%e7%94%9f/,http://cancerinfo.uat.ideas-time.com/wp-content/uploads/sites/25/2018/05/chanlam_pic-cuhk-111.jpg,chanlam_pic-cuhk-111.jpg,/var/www/html/wp-content/uploads/sites/25/2018/05/chanlam_pic-cuhk-111.jpg,http://cancerinfo.uat.ideas-time.com/wp-content/uploads/sites/25/2018/05/chanlam_pic-cuhk-111.jpg,香港大學內外全科醫學士,英國皇家內科醫學院院士,香港内科醫學院院士,香港醫學專科學院院士(内科),愛丁堡皇家内科醫學院榮授院士,倫敦皇家内科醫學院榮授院士,,11,53,34,35,"香港大學內外全科醫學士,英國皇家內科醫學院院士,香港内科醫學院院士,香港醫學專科學院院士(内科),愛丁堡皇家内科醫學院榮授院士,倫敦皇家内科醫學院榮授院士",內科腫瘤專科
3484,香港泌尿腫瘤科學會,香港泌尿腫瘤科學會成立於2015年，是一個非牟利的專業組織。學會致力建立一個多元平台，促進醫生之間、醫患之間的溝通，提升本港市民對泌尿腫瘤疾病的認知。,20180520,http://cancerinfo.uat.ideas-time.com/doctor/%e9%a6%99%e6%b8%af%e6%b3%8c%e5%b0%bf%e8%85%ab%e7%98%a4%e7%a7%91%e5%ad%b8%e6%9c%83/,http://cancerinfo.uat.ideas-time.com/wp-content/uploads/sites/25/2018/05/HKSUO.jpg,HKSUO.jpg,/var/www/html/wp-content/uploads/sites/25/2018/05/HKSUO.jpg,http://cancerinfo.uat.ideas-time.com/wp-content/uploads/sites/25/2018/05/HKSUO.jpg,香港泌尿腫瘤科學會成立於2015年，是一個非牟利的專業組織。學會致力建立一個多元平台，促進醫生之間、醫患之間的溝通，提升本港市民對泌尿腫瘤疾病的認知。,,,,,,,12,54,38,39,香港泌尿腫瘤科學會成立於2015年，是一個非牟利的專業組織。學會致力建立一個多元平台，促進醫生之間、醫患之間的溝通，提升本港市民對泌尿腫瘤疾病的認知。,癌症服務機構
3485,藥物教育資源中心,"藥物教育資源中心 (Drug Education Resources Centre, DERC) 乃隸屬於香港醫院藥劑師學會的一個獨立及非牟利組織。",20180520,http://cancerinfo.uat.ideas-time.com/doctor/%e8%97%a5%e7%89%a9%e6%95%99%e8%82%b2%e8%b3%87%e6%ba%90%e4%b8%ad%e5%bf%83/,http://cancerinfo.uat.ideas-time.com/wp-content/uploads/sites/25/2018/05/DERC-12.jpg,DERC-12.jpg,/var/www/html/wp-content/uploads/sites/25/2018/05/DERC-12.jpg,http://cancerinfo.uat.ideas-time.com/wp-content/uploads/sites/25/2018/05/DERC-12.jpg,"藥物教育資源中心 (Drug Education Resources Centre, DERC) 乃隸屬於香港醫院藥劑師學會的一個獨立及非牟利組織。",,,,,,,13,61,7,8,"藥物教育資源中心 (Drug Education Resources Centre, DERC) 乃隸屬於香港醫院藥劑師學會的一個獨立及非牟利組織。",癌症服務機構
3486,潘仕寶註册營養師,"英國註冊營養師
澳洲註册營養師
倫敦英皇書院營養學學士
澳洲悉尼大學營養治療學碩士
香港大學專業進修學院運動營養",20180520,http://cancerinfo.uat.ideas-time.com/doctor/%e6%bd%98%e4%bb%95%e5%af%b6%e8%a8%bb%e5%86%8c%e7%87%9f%e9%a4%8a%e5%b8%ab/,http://cancerinfo.uat.ideas-time.com/wp-content/uploads/sites/25/2018/05/rsz_sally_poon3.jpg,rsz_sally_poon3.jpg,/var/www/html/wp-content/uploads/sites/25/2018/05/rsz_sally_poon3.jpg,http://cancerinfo.uat.ideas-time.com/wp-content/uploads/sites/25/2018/05/rsz_sally_poon3.jpg,英國註冊營養師,澳洲註册營養師,倫敦英皇書院營養學學士,澳洲悉尼大學營養治療學碩士,香港大學專業進修學院運動營養,,,14,62,36,37,"英國註冊營養師,澳洲註册營養師,倫敦英皇書院營養學學士,澳洲悉尼大學營養治療學碩士,香港大學專業進修學院運動營養",註冊營養師
3487,"漫畫( 直腸癌)","她常存盼望，她愛心滿載。
她說 : 我要向山舉目，我的幫助從何而來？我的幫助從造天地的耶和華而來。",20180520,http://cancerinfo.uat.ideas-time.com/doctor/%e6%bc%ab%e7%95%ab-%e7%9b%b4%e8%85%b8%e7%99%8c/,,,,,她常存盼望，她愛心滿載。,"她說 : 我要向山舉目，我的幫助從何而來？我的幫助從造天地的耶和華而來。",,,,,,15,63,68,69,"她常存盼望，她愛心滿載。,她說 : 我要向山舉目，我的幫助從何而來？我的幫助從造天地的耶和華而來。",博客
3488,黃曉恩醫生,"內科腫瘤科顧問醫生
內科腫瘤科專科醫生
香港大學內外全科醫學士
香港內科醫學院院士
英國皇家內科醫學院院士
香港醫學專科學院院士(內科)",20180520,http://cancerinfo.uat.ideas-time.com/doctor/%e9%bb%83%e6%9b%89%e6%81%a9%e9%86%ab%e7%94%9f/,http://cancerinfo.uat.ideas-time.com/wp-content/uploads/sites/25/2018/05/Hilda_Wong-11.jpg,Hilda_Wong-11.jpg,/var/www/html/wp-content/uploads/sites/25/2018/05/Hilda_Wong-11.jpg,http://cancerinfo.uat.ideas-time.com/wp-content/uploads/sites/25/2018/05/Hilda_Wong-11.jpg,內科腫瘤科顧問醫生,內科腫瘤科專科醫生,香港大學內外全科醫學士,香港內科醫學院院士,英國皇家內科醫學院院士,香港醫學專科學院院士(內科),,16,66,9,10,"內科腫瘤科顧問醫生,內科腫瘤科專科醫生,香港大學內外全科醫學士,香港內科醫學院院士,英國皇家內科醫學院院士,香港醫學專科學院院士(內科)",內科腫瘤專科
3489,曾偉光醫生,"臨床腫瘤科專科醫生
臨床腫瘤科顧問醫生
香港大學內外全科醫學士
英國皇家放射科學醫學院院士
香港放射科醫學院院士
香港醫學專科學院院士(放射科)",20180520,http://cancerinfo.uat.ideas-time.com/doctor/%e6%9b%be%e5%81%89%e5%85%89%e9%86%ab%e7%94%9f/,http://cancerinfo.uat.ideas-time.com/wp-content/uploads/sites/25/2018/05/Dr_Maverick.jpg,Dr_Maverick.jpg,/var/www/html/wp-content/uploads/sites/25/2018/05/Dr_Maverick.jpg,http://cancerinfo.uat.ideas-time.com/wp-content/uploads/sites/25/2018/05/Dr_Maverick.jpg,臨床腫瘤科專科醫生,臨床腫瘤科顧問醫生,香港大學內外全科醫學士,英國皇家放射科學醫學院院士,香港放射科醫學院院士,香港醫學專科學院院士(放射科),,17,67,2,5,"臨床腫瘤科專科醫生,臨床腫瘤科顧問醫生,香港大學內外全科醫學士,英國皇家放射科學醫學院院士,香港放射科醫學院院士,香港醫學專科學院院士(放射科)",臨床腫瘤專科
3490,周國鈞醫生,"香港大學內外全科醫學士
MBBS (HK) 1991
香港醫學專科學院院士(放射科)
FHKAM (Radiology) 2001",20180520,http://cancerinfo.uat.ideas-time.com/doctor/%e5%91%a8%e5%9c%8b%e9%88%9e%e9%86%ab%e7%94%9f/,http://cancerinfo.uat.ideas-time.com/wp-content/uploads/sites/25/2018/05/IMG_2157.jpg,IMG_2157.jpg,/var/www/html/wp-content/uploads/sites/25/2018/05/IMG_2157.jpg,http://cancerinfo.uat.ideas-time.com/wp-content/uploads/sites/25/2018/05/IMG_2157.jpg,香港大學內外全科醫學士,"MBBS (HK) 1991",香港醫學專科學院院士(放射科),"FHKAM (Radiology) 2001",,,,18,68,42,43,"香港大學內外全科醫學士,MBBS (HK) 1991,香港醫學專科學院院士(放射科),FHKAM (Radiology) 2001",臨床腫瘤專科
3491,英國癌症研究,,20180520,http://cancerinfo.uat.ideas-time.com/doctor/%e8%8b%b1%e5%9c%8b%e7%99%8c%e7%97%87%e7%a0%94%e7%a9%b6/,http://cancerinfo.uat.ideas-time.com/wp-content/uploads/sites/25/2018/05/UK-11.jpg,UK-11.jpg,/var/www/html/wp-content/uploads/sites/25/2018/05/UK-11.jpg,http://cancerinfo.uat.ideas-time.com/wp-content/uploads/sites/25/2018/05/UK-11.jpg,,,,,,,,19,69,2,3,,癌症服務機構
3492,乳癌知多D,,20180520,http://cancerinfo.uat.ideas-time.com/doctor/%e4%b9%b3%e7%99%8c%e7%9f%a5%e5%a4%9ad/,http://cancerinfo.uat.ideas-time.com/wp-content/uploads/sites/25/2018/05/breast-1.jpg,breast-1.jpg,/var/www/html/wp-content/uploads/sites/25/2018/05/breast-1.jpg,http://cancerinfo.uat.ideas-time.com/wp-content/uploads/sites/25/2018/05/breast-1.jpg,,,,,,,,20,70,30,31,,血液及血液腫瘤科
3493,淋巴癌知多D,,20180520,http://cancerinfo.uat.ideas-time.com/doctor/%e6%b7%8b%e5%b7%b4%e7%99%8c%e7%9f%a5%e5%a4%9ad/,http://cancerinfo.uat.ideas-time.com/wp-content/uploads/sites/25/2018/05/lum.jpg,lum.jpg,/var/www/html/wp-content/uploads/sites/25/2018/05/lum.jpg,http://cancerinfo.uat.ideas-time.com/wp-content/uploads/sites/25/2018/05/lum.jpg,,,,,,,,21,71,46,47,,血液及血液腫瘤科
3494,張明智醫生,"香港大學內外全科醫學士 MBBS (HK) 1985
英國皇家放射科學醫學院院士 FRCR 1992
香港醫學專科學院院士(放射科) FHKAM (Radiology) 1993
香港放射科醫學院院士 FHKCR",20180520,http://cancerinfo.uat.ideas-time.com/doctor/%e5%bc%b5%e6%98%8e%e6%99%ba%e9%86%ab%e7%94%9f/,http://cancerinfo.uat.ideas-time.com/wp-content/uploads/sites/25/2018/05/My_formal_photo.jpg,My_formal_photo.jpg,/var/www/html/wp-content/uploads/sites/25/2018/05/My_formal_photo.jpg,http://cancerinfo.uat.ideas-time.com/wp-content/uploads/sites/25/2018/05/My_formal_photo.jpg,"香港大學內外全科醫學士 MBBS (HK) 1985","英國皇家放射科學醫學院院士 FRCR 1992","香港醫學專科學院院士(放射科) FHKAM (Radiology) 1993","香港放射科醫學院院士 FHKCR",,,,22,72,88,89,"香港大學內外全科醫學士 MBBS (HK) 1985,英國皇家放射科學醫學院院士 FRCR 1992,香港醫學專科學院院士(放射科) FHKAM (Radiology) 1993,香港放射科醫學院院士 FHKCR",臨床腫瘤專科
3495,黃麗珊醫生,"香港大學內外全科醫學士
英國皇家放射科學醫學院院士
香港放射科醫學院院士
香港醫學專科學院院士(放射科)",20180520,http://cancerinfo.uat.ideas-time.com/doctor/%e9%bb%83%e9%ba%97%e7%8f%8a%e9%86%ab%e7%94%9f/,http://cancerinfo.uat.ideas-time.com/wp-content/uploads/sites/25/2018/05/Dr_Cindy_Wong.jpg,Dr_Cindy_Wong.jpg,/var/www/html/wp-content/uploads/sites/25/2018/05/Dr_Cindy_Wong.jpg,http://cancerinfo.uat.ideas-time.com/wp-content/uploads/sites/25/2018/05/Dr_Cindy_Wong.jpg,香港大學內外全科醫學士,英國皇家放射科學醫學院院士,香港放射科醫學院院士,香港醫學專科學院院士(放射科),,,,23,73,90,91,"香港大學內外全科醫學士,英國皇家放射科學醫學院院士,香港放射科醫學院院士,香港醫學專科學院院士(放射科)",臨床腫瘤專科
